{
    "VISUALIZE":0,
    "MOVE":1,
    
    "KP":1,
    "KD":0.7,
    "KI":0,
    "BASE_SPEED":100,
    "MAX_SPEED":200,
    "MIN_SPEED":100,
    "IDLE_SPEED":70,
    "IMG_CENTER_X":390,
    
    "DIST_THRESHOLD":1,
    "MAX_UNFOUND":30,
    "MAX_PLAYER_UNFOUND":10,
    "OFFER_THRESHOLD":0.5,

    "BATCH_SIZE":1,
    "CONFIDENCE":0.9,
    "NMS_THRESH":0.4,
    "NUM_CLASSES":1,
    "ROOT_PATH":"/home/wayne/Capstone/ece_capstone/SDK/build/",
    "OBJ_NAME_PATH":"/home/wayne/Capstone/ece_capstone/SDK/data/obj.names",
    "CFG_PATH":"/home/wayne/Capstone/ece_capstone/SDK/cfg/yolo-obj.cfg",
    "WEIGHTS_PATH":"/home/wayne/Capstone/ece_capstone/SDK/yolo-obj_15300.weights",
    
    
	"LEFT_MTX":[[462.08283883, 0, 401.32424479],
                [0, 462.71732984, 252.40455351],
                [0, 0, 1]],
    "LEFT_DIST":[[-0.12399294],
                 [ 0.03445825],
                 [-0.02109291],
                 [ 0.00036513]],
    "RIGHT_MTX":[[449.98546316, 0, 355.9459503 ],
                 [0, 450.06247713, 224.46578117],
                 [0, 0, 1]],
    "RIGHT_DIST":[[-0.10085804],
                  [ 0.02545151],
                  [-0.07127018],
                  [ 0.04931879]],
    "R":[[9.99975353e-01, 7.00678922e-03, -4.44984712e-04],
         [-7.01539474e-03, 9.99692194e-01, -2.37971077e-02],
         [2.78106426e-04, 2.37996429e-02, 9.99716710e-01]],
    "T":[[-0.09909754],
         [ 0.0013147 ],
         [-0.01120042]],
    "R1":[[0.99368621, -0.00354302, 0.11213907],
          [0.00485518, 0.99992288, -0.01143029],
          [-0.11208992, 0.01190258, 0.99362678]],
    "R2":[[0.99358699, -0.01318161, 0.11229933],
          [0.0118664, 0.99985305, 0.01237211],
          [-0.11244591, -0.01096018, 0.9935974]],
    "P1":[[413.20986903, 0, 266.1649876, 0],
          [0, 413.20986903, 242.88811682, 0],
          [0, 0, 1, 0]],
    "P2":[[413.20986903, 0, 266.1649876, -41.2123755 ],
          [0, 413.20986903, 242.88811682, 0],
          [0, 0, 1, 0]],
    "Q":[[1, 0, 0, -266.1649876],
         [0, 1, 0, -242.88811682],
         [0, 0, 0, 413.20986903],
         [0, 0, 10.02635407, -0]],
    "IMG_SIZE_X":752,
    "IMG_SIZE_Y":480,
    
    "MIN_DISP":8,
    "NUM_DISP":112,
    "BLOCK_SIZE":15,
    "DISP12MaxDiff":10,
    "uniquenessRatio":1,
    "preFilterCap":4,
    "speckleWindowSize":150,
    "speckleRange":2
}
